{
    "metadata": {
        "vertices": 64,
        "normals": 64,
        "version": 3,
        "uvs": 0,
        "faces": 92,
        "generator": "io_three",
        "type": "Geometry"
    },
    "vertices": [0.499919,-0.005642,3.2182,-0.654564,-0.012831,3.23449,0.500888,-0.172789,3.20174,-0.653596,-0.179977,3.21803,0.501674,-0.333512,3.15298,-0.652809,-0.340701,3.16928,0.502249,-0.481637,3.07381,-0.652235,-0.488826,3.0901,0.502589,-0.611471,2.96726,-0.651895,-0.61866,2.98355,0.502682,-0.718024,2.83743,-0.651802,-0.725213,2.85372,0.502524,-0.797201,2.68931,-0.65196,-0.80439,2.7056,0.502121,-0.84596,2.52859,-0.584243,-0.855013,2.53378,0.501489,-0.862427,2.36144,-0.584875,-0.87148,2.36663,0.500652,-0.845969,2.19429,-0.585712,-0.855022,2.19949,0.499642,-0.797219,2.03357,-0.586722,-0.806272,2.03876,0.498498,-0.71805,1.88545,-0.587866,-0.727103,1.89064,0.497264,-0.611504,1.75562,-0.5891,-0.620557,1.76081,0.495987,-0.481676,1.64907,-0.590376,-0.490729,1.65426,0.494717,-0.333555,1.5699,-0.591647,-0.342608,1.57509,0.493502,-0.172834,1.52114,-0.592862,-0.181887,1.52633,0.492389,-0.005689,1.50468,-0.593975,-0.014742,1.50987,0.49142,0.161458,1.52114,-0.594944,0.152405,1.52633,0.490634,0.322182,1.5699,-0.59573,0.313129,1.57509,0.490059,0.470306,1.64907,-0.596304,0.461254,1.65426,0.489719,0.60014,1.75562,-0.596645,0.591087,1.76081,0.489626,0.706693,1.88545,-0.596738,0.69764,1.89064,0.489784,0.78587,2.03357,-0.59658,0.776817,2.03877,0.490187,0.834629,2.19429,-0.596177,0.825576,2.19949,0.490819,0.851096,2.36144,-0.595545,0.842043,2.36663,0.491656,0.834638,2.52859,-0.662827,0.827449,2.54488,0.492666,0.785887,2.68931,-0.661818,0.778698,2.7056,0.49381,0.706718,2.83743,-0.660674,0.699529,2.85372,0.495044,0.600172,2.96726,-0.65944,0.592983,2.98355,0.496321,0.470344,3.07381,-0.658163,0.463155,3.0901,0.497591,0.322223,3.15299,-0.656893,0.315034,3.16928,0.498806,0.161502,3.20174,-0.655677,0.154313,3.21803],
    "uvs": [],
    "normals": [0.692373,0.004303,0.721519,-0.695608,-0.007721,0.718345,-0.694143,-0.153783,0.703177,0.693106,-0.13712,0.707633,-0.692312,-0.293588,0.659139,0.693594,-0.273202,0.666524,-0.690176,-0.4214,0.588214,0.693747,-0.398724,0.599719,-0.687857,-0.53209,0.493606,0.693594,-0.508927,0.509781,-0.685476,-0.621387,0.379437,0.693136,-0.599567,0.400037,-0.700339,-0.667989,0.251534,0.692373,-0.66747,0.273904,-0.610859,-0.780358,0.133457,0.691519,-0.709006,0.138035,-0.67803,-0.734397,-0.030549,0.690939,-0.722861,-0.003021,-0.675588,-0.717002,-0.171545,0.690207,-0.708914,-0.144902,-0.673544,-0.672842,-0.305856,0.689261,-0.667592,-0.28135,-0.671987,-0.60387,-0.428632,0.688223,-0.600452,-0.407147,-0.670919,-0.512925,-0.535478,0.687033,-0.510056,-0.517441,-0.67037,-0.403516,-0.622669,0.685842,-0.399884,-0.60802,-0.6704,-0.279763,-0.687216,0.684591,-0.274117,-0.675375,-0.670949,-0.146153,-0.72692,0.683432,-0.137638,-0.71691,-0.672048,-0.007508,-0.74044,0.682333,0.004334,-0.73101,-0.673605,0.131199,-0.727317,0.681356,0.146367,-0.717124,-0.675588,0.265023,-0.687979,0.680532,0.282998,-0.675802,-0.677908,0.389111,-0.623676,0.679952,0.408948,-0.6086,-0.680532,0.498886,-0.536576,0.679556,0.519395,-0.518082,-0.68334,0.590228,-0.42967,0.679403,0.610034,-0.407727,-0.686239,0.659505,-0.306681,0.679495,0.677389,-0.281808,-0.689138,0.703879,-0.172033,0.6798,0.718863,-0.145146,-0.623402,0.781518,-0.023743,0.680471,0.732719,-0.006561,-0.709464,0.695242,0.115146,0.682394,0.718406,0.134953,-0.694723,0.673788,0.251656,0.684042,0.67571,0.274667,-0.696005,0.60857,0.380993,0.685629,0.608142,0.400037,-0.69689,0.518571,0.495376,0.687216,0.517533,0.509781,-0.697287,0.407147,0.589892,0.688742,0.407331,0.599719,-0.697226,0.278695,0.660421,0.690115,0.281808,0.666524,-0.696646,0.138432,0.703879,0.691366,0.145756,0.707633],
    "faces": [33,0,1,3,2,0,1,2,3,33,2,3,5,4,3,2,4,5,33,4,5,7,6,5,4,6,7,33,6,7,9,8,7,6,8,9,33,8,9,11,10,9,8,10,11,33,10,11,13,12,11,10,12,13,33,12,13,15,14,13,12,14,15,33,14,15,17,16,15,14,16,17,33,16,17,19,18,17,16,18,19,33,18,19,21,20,19,18,20,21,33,20,21,23,22,21,20,22,23,33,22,23,25,24,23,22,24,25,33,24,25,27,26,25,24,26,27,33,26,27,29,28,27,26,28,29,33,28,29,31,30,29,28,30,31,33,30,31,33,32,31,30,32,33,33,32,33,35,34,33,32,34,35,33,34,35,37,36,35,34,36,37,33,36,37,39,38,37,36,38,39,33,38,39,41,40,39,38,40,41,33,40,41,43,42,41,40,42,43,33,42,43,45,44,43,42,44,45,33,44,45,47,46,45,44,46,47,33,46,47,49,48,47,46,48,49,33,48,49,51,50,49,48,50,51,33,50,51,53,52,51,50,52,53,33,52,53,55,54,53,52,54,55,33,54,55,57,56,55,54,56,57,33,56,57,59,58,57,56,58,59,33,58,59,61,60,59,58,60,61,32,5,3,1,4,2,1,32,1,63,61,1,62,60,32,61,59,57,60,58,56,32,57,55,53,56,54,52,32,53,51,49,52,50,48,32,49,47,45,48,46,44,32,45,43,41,44,42,40,32,41,39,37,40,38,36,32,37,35,33,36,34,32,32,33,31,29,32,30,28,32,29,27,25,28,26,24,32,25,23,21,24,22,20,32,21,19,17,20,18,16,32,17,15,13,16,14,12,32,13,11,9,12,10,8,32,9,7,5,8,6,4,32,5,1,61,4,1,60,32,61,57,53,60,56,52,32,53,49,45,52,48,44,32,45,41,37,44,40,36,32,37,33,29,36,32,28,32,29,25,21,28,24,20,32,21,17,13,20,16,12,32,13,9,5,12,8,4,32,5,61,53,4,60,52,32,53,45,37,52,44,36,32,37,29,21,36,28,20,32,21,13,5,20,12,4,32,5,53,37,4,52,36,32,37,21,5,36,20,4,33,60,61,63,62,61,60,62,63,33,1,0,62,63,1,0,63,62,32,62,0,2,63,0,3,32,2,4,6,3,5,7,32,6,8,10,7,9,11,32,10,12,14,11,13,15,32,14,16,18,15,17,19,32,18,20,22,19,21,23,32,22,24,26,23,25,27,32,26,28,30,27,29,31,32,30,32,34,31,33,35,32,34,36,38,35,37,39,32,38,40,42,39,41,43,32,42,44,46,43,45,47,32,46,48,50,47,49,51,32,50,52,54,51,53,55,32,54,56,58,55,57,59,32,58,60,62,59,61,63,32,62,2,6,63,3,7,32,6,10,14,7,11,15,32,14,18,22,15,19,23,32,22,26,30,23,27,31,32,30,34,38,31,35,39,32,38,42,46,39,43,47,32,46,50,54,47,51,55,32,54,58,62,55,59,63,32,62,6,14,63,7,15,32,14,22,30,15,23,31,32,30,38,46,31,39,47,32,46,54,62,47,55,63,32,62,14,30,63,15,31,32,30,46,62,31,47,63],
    "name": "Cylinder.041Geometry"
}